~id, number:Int, ~label
MSzTcbQck8DGOg32p_lyj, 1, chapter
lqxZ41ziRes-6y2Qr7hYb, 2, chapter
Y6C1cI6YIwgXkH-X0KqQK, 3, chapter
3FKr7eMsGGLqL3vsPe1At, 4, chapter
Hmu1z1PuRXGkZkgoCW-s3, 5, chapter
Zm1TAQFwzKY6NhZMRglCb, 6, chapter
oUbpcQEbILW9HPIPX8k2n, 7, chapter
LEqi-z3QipDeLHvj3qB-Q, 8, chapter
JW5dzkgyt5NIX2AKHZoBK, 9, chapter
V0eR1xICbwi29C46wsFTQ, 10, chapter
kPHxJesSwhVsP2ljH2Hyu, 11, chapter
dGQmDaouHgL1sNiAVc8Ai, 12, chapter
YJXsoLV-qmid1xRrtl8eR, 13, chapter
VdVqOwtoueC3mMeVFlsGa, 14, chapter
W4Fw0z5wdhTJmDZuGT5wZ, 15, chapter
kBKiQHfXbG_H9mVb8Smmr, 16, chapter
XSgdQ050yFZDTyQxdXAKD, 17, chapter
2M4HaWPBYcle1oeli9P02, 18, chapter
YvOt3lvVAuLVHTn_8UQMz, 19, chapter
HNy5EZj-NDAKW1CbK92gW, 20, chapter
q3IkDJyreIPFb7_V9myl1, 21, chapter
BCOe5vdG6fy2ItTlXN67I, 22, chapter
52jkBK3s_u3CzTmH8mCKf, 23, chapter
Cz_6vGh91a8Z6p0iVZYlO, 24, chapter
Cx0qjRvuSYl45zJaPfCCw, 25, chapter
ZV091imyX55w9AV0zpiZZ, 26, chapter
_g9GCd_24TQNnGlee5vON, 27, chapter
U6ISbTkfCKo3XFGzOJQPX, 28, chapter
r5C_usyR0PxAj7Vh8y5VG, 29, chapter
dFwvaW4in2QSJs1GmXNwI, 30, chapter
RWkT6rCIylOvF9rjNNlRx, 31, chapter
tt-zpdq-prqd-QW3KecJg, 32, chapter
cKTaWgTrY1U9Cj9-BAUyV, 33, chapter
r00Mc5BlP-DdmaOKirjEL, 34, chapter
AJ4FnoOGYKfuAA84W_GPd, 35, chapter
pn1vK3rWFt_BWIDYj4xur, 36, chapter
VswG8Jxz-fnIibSLJnnNf, 37, chapter
-nusPgDUuVaKtGsg6cxyw, 38, chapter
L9Q3sqtsy1_jkEJfIom3E, 39, chapter
UyfokzN-6tVeAKCMW1n8v, 40, chapter
fMG5ddiXEiOmaP7C4wkXZ, 41, chapter
hbMEh0Yq4Q8wT31aE3k_E, 42, chapter
xJGJwbZCO9UdKd9r8afV1, 43, chapter
79AMSiA8RfpJublFER0pY, 44, chapter
MZ6T1ko9YYc4PvFKOQCu5, 45, chapter
Dc3hz2kofTHLRiJe1vqxy, 46, chapter
547mCU6qh3_10TwjQ0jtB, 47, chapter
qJmDtq3nyzAF-v4XBNL0_, 48, chapter
dXjZ7OUD_Sh0L_ssV3P4k, 49, chapter
WovN4g18-DPQq2QoKYqZF, 50, chapter
4QZgVQCvPgPBzLnImWt4F, 1, chapter
9Qh1Y82UdYKSBe45hscmO, 2, chapter
m7-HhTLJaa-nnx1V6HKrJ, 3, chapter
aeKuIXVAMYW0-bCcWlBne, 4, chapter
X46_HPbX-3iA2J9W46JUu, 5, chapter
YvWboLbSSmAJomfodXgRq, 6, chapter
P1ImDAvMCnQNgVtnn_IDM, 7, chapter
8dsMmsfYdCKvcFdVrmOBC, 8, chapter
JLOzccSnnf3jbIulvJDRY, 9, chapter
0ocLgG9P_mej3B3BKxcgF, 10, chapter
WfMvKzHdikqvMPoMHTQS5, 11, chapter
daq8bmOOgCXBm1GNH3XII, 12, chapter
9s2ZPy-lzOMUoyxChwHJN, 13, chapter
5pkUN4rWd9UbszRV-6fa7, 14, chapter
4gTIeWVGPMq0ClF6WSlFt, 15, chapter
qoLdDV59G6e3m48r750Oe, 16, chapter
XoeKnq-aqo9OYF-7ASrLx, 17, chapter
Ek3XbWxPCtTSBvRw4NYvt, 18, chapter
3DU5FTAmKtiXsgwlXpKvq, 19, chapter
Jq-1Zj2MoFBOEvaQUsAd4, 20, chapter
oIPzeQMU6aVofupHty3lV, 21, chapter
Okv-5IFuLXm24ABnkE5jH, 22, chapter
7r2QaLzYlM-u-8_b8vVCr, 23, chapter
fweGVvl1mSBXdoUbYnfUU, 24, chapter
iXuWp16JudaH9s_Y2b6__, 25, chapter
TUwCWg_Cgh5Hm9Byncn87, 26, chapter
5Zb7tu1NcSGXYRdc9Ll5q, 27, chapter
kHDXNEGjGt11OwUr6C7WZ, 28, chapter
JsbT4P_BtdG1lu1WtV5yN, 29, chapter
RED3aih3KysOvj2gMRKfD, 30, chapter
tVz3I9TtM8Icie5mmTQ4E, 31, chapter
O15SkDXtG7V6w-b-OGqA0, 32, chapter
-1Su3yH8FYjI1hZ-M1Kbb, 33, chapter
4lpaXoOgz0692j8FMcA5M, 34, chapter
LQop7s2eRBEWhOm35geUT, 35, chapter
CUn4Nm_1fT9MW1pThSF14, 36, chapter
BD2pDBfJGo6ey_MDVbl82, 37, chapter
qo78Zq07jwPzv45PYLIYQ, 38, chapter
0XhAdm9i39HJ_cfp0CL1m, 39, chapter
BZNJSxSGcfE7oEb8WpJJq, 40, chapter
h8iMBRqWpetWGC7Sdvuwy, 1, chapter
LDHoLNZZM7f8sSERj3Rc6, 2, chapter
7mVWRgMICjr-3P29CBygY, 3, chapter
EdU74qVqE2_12ekaMIn0S, 4, chapter
tS7JlChGHd3-g5VkZInjz, 5, chapter
FaHTEmoJ9L0Be61SC9bqL, 6, chapter
ge9m9r6kvQPPKSc18yw0k, 7, chapter
gY0oUNi3bvkA7o-nZhuTP, 8, chapter
kcSupMTE5q-KMbbx0SGad, 9, chapter
seGfpTpnYO-qCahpp_FI7, 10, chapter
9VpyveMgzxKo_yoOSR8dv, 11, chapter
w4umswV1hWFKZGrEXOwyl, 12, chapter
HTtPbBmiPTUsvto45SuAG, 13, chapter
N4hTgSxr13OVm4_19zPhZ, 14, chapter
xRTPDHpowMkDrNbmLO3cM, 15, chapter
w6OR3SRKC1CnZLgTsotxo, 16, chapter
nKnSiaA4hdYAq-yHXPlJJ, 17, chapter
fJ2U7CA7FvY-pEQf-bbO2, 18, chapter
9VJLd7tyh19mlYkRFSI0J, 19, chapter
-2vvVqfsAcmzZsUEhxPfF, 20, chapter
kZkE2OWW5sbsf76SKpwCj, 21, chapter
E01fkeNhMDRcvLOv_mJkH, 22, chapter
WsRpmbMJw5fYHiEy-OWmi, 23, chapter
9Z6IXGN9qvg4dmd5DlCIv, 24, chapter
xOinuwRiI2XemVsIjMHP2, 25, chapter
k8zVKZYzQZjLrzRH_oU2N, 26, chapter
xas-wLX1563y8Pzamf25z, 27, chapter
rLA7Hqq5YkzygANm-w8HD, 1, chapter
yq1RDGvnPx4flk6M8I-kD, 2, chapter
OAWyFPbPWbc6jTNWmf2DC, 3, chapter
kU5BcEBMkP8XfN6QHsm8o, 4, chapter
4HHwocNSZqXc1ZvFsodDP, 5, chapter
4vM63KY8fZmu6h3aM4dwf, 6, chapter
WvTSIoq_Gw_LnKelEtL-e, 7, chapter
wHTEaqVGjMURd_--CpI-B, 8, chapter
r8wUvfMDGujsH5tLbiPNt, 9, chapter
l4s8-n6RQyQCKVtVPxDev, 10, chapter
8RhdUnpntH72C0VH_CGCv, 11, chapter
VmUyneWQQ55P896jIPhW7, 12, chapter
KudHUugT4nA6hhAsoPNbQ, 13, chapter
BuZUW45nOPZ77gSLt6F7e, 14, chapter
OtSiuM8Vhm0p0f9yv-OqF, 15, chapter
LaIwnI4fxgzwFirCSjGZy, 16, chapter
QOJbBhjbATyBfCLkmnicR, 17, chapter
qSsa5LzPuKkT7Rhejek07, 18, chapter
UoN0_ARk4apaXd12zp_D2, 19, chapter
8Bee4KANviJJkfRsPcFq3, 20, chapter
QWpSU5P29XLZ-OsdnAd_P, 21, chapter
V7zWfX1_-NCkdmQ0uIleI, 22, chapter
hVkDP3fjIWG39vamfHhrK, 23, chapter
u4ZXlXbtt5i4WsMrSWTL0, 24, chapter
Vm9SvpsYukwroqNt9JX0M, 25, chapter
rMzFF_pZLu1FDzfO097DZ, 26, chapter
THISo8813QpM6XbSWy1Z9, 27, chapter
V2vw1FVexBJwqZFO4yeCL, 28, chapter
P7_F6lcZZX7Hje4BfycMO, 29, chapter
K68vTj1buFcPc74bOCwfH, 30, chapter
QUij2nXK-ixMIBeWmg-d2, 31, chapter
W_i0wxofK22596nBIpqH4, 32, chapter
oJH6g_9J04EzTguQhrZd3, 33, chapter
7NZDyTIu9ZjsdYVSNnwnn, 34, chapter
nFrGMaUsbAFpiD_LtNGug, 35, chapter
cTLYgbqtqwKZvelZ9m9U_, 36, chapter
6DObwxXVbNt-PCF_j6urJ, 1, chapter
eL_CedzUhOofsHyf2bmYN, 2, chapter
HHVcB2b_aZktRB3GkigEG, 3, chapter
Tc2sOwER0ARX9cysWn-31, 4, chapter
l3tiPSSi3xZmZ8LuHO82B, 5, chapter
IjY6ZoqR6CNO7DD49-l3e, 6, chapter
ZH-s4FhvJ85tTdc3d8TGC, 7, chapter
KD6NbGA7El_TrNrd4kfCO, 8, chapter
506vVCJXW6s76khtyKdQT, 9, chapter
kVbBmx_3ghPh-6YOU8ejS, 10, chapter
ej2HTxc6Ip8Rswzvujptv, 11, chapter
7wkVX_Mnfwws7_nwaoS3P, 12, chapter
KjzDx-MTk2oDJi_Uc0Ypv, 13, chapter
fSH8KFXZRnx7PDF2JYGb6, 14, chapter
8xcbBIku6qcekfJ08ORiW, 15, chapter
R31G__4bcMbZeJn5WZUmp, 16, chapter
7dTlQdb7AE-Eqw2FBkBSa, 17, chapter
W_uZt23IlQP1UHQs9JsUd, 18, chapter
TWLex35_wobjgArxMrXlF, 19, chapter
vPBPsykEtZ8bjxQkwEWJa, 20, chapter
NwiC4FuyWTjRUGrPtfTMs, 21, chapter
u_p4Xe4zRbUejW6ereE0k, 22, chapter
hXxq63vjtydN9Ig-rkyqC, 23, chapter
XQDtQ7_C3Ns_J_IOhk3qY, 24, chapter
mnXPw9P55ZMGQ8zFRmRs7, 25, chapter
uLt2pnAHOCXzaMAxJUJVK, 26, chapter
8iJpOBYE_15gNa6v0P-4b, 27, chapter
WWcCzDOwUMF-0yPl1rdUQ, 28, chapter
H8F80mmEQODA3KH7Jhexa, 29, chapter
wFOLDw43N3HFIXS5fGYBV, 30, chapter
mLufJfOTbjlEitD9lJtaW, 31, chapter
0xCD0yP0NH4dRJ2omFzF6, 32, chapter
ZcwCYKsdLCOyENdDBHjrs, 33, chapter
liaVRi6SZvdQRH159e40E, 34, chapter
3kpB3JZI3dEgprn-h2BYt, 1, chapter
nW80M6PcVjuOt5Mf4Rtai, 2, chapter
3gwp2Cd0nzcmFszLTpVVM, 3, chapter
zxCTIos_tYHyzRqS6gvRi, 4, chapter
FL8RoJyKnzwnOuwQFrdUn, 5, chapter
Xdou7B2UGhZ8FToDFkztu, 6, chapter
nPppMIxP9CJnWVotBQqvn, 7, chapter
Qn2VLY9GQkbO6_F80j7vk, 8, chapter
mLtw8sk4sH0VjIAuLWpe2, 9, chapter
OTqWwQWsCNg47fAt_8JAE, 10, chapter
1p4vVEwlVmgy9WKlJbmQc, 11, chapter
v-aHQzDxyiFxZAgNJPB2a, 12, chapter
X-zR-BGfCbbvPtBU2UPoI, 13, chapter
MZ8k7sbQylPJnIKO15kWF, 14, chapter
kpGPs921ILxiylXwk0beq, 15, chapter
LALl4PI4XIM5YmzIbO35j, 16, chapter
uWopW_Ls3Y_0nm0uSpSem, 17, chapter
gvIZAj2vcTB8oOVNpBt_Y, 18, chapter
MMRlGHjYZQOjb1BWas4Cg, 19, chapter
EN37bcJCMP4AiOWF_BmS2, 20, chapter
5f47hGDdcFwLGHhYRdw04, 21, chapter
V8mtK8mr03cyJ9OmGmURa, 22, chapter
bVwQN-HZHm21TsfuCMOAk, 23, chapter
kCpNexBHyB0kJhBhPYPLP, 24, chapter
8mDXeSNTteqMoRtTbojtU, 1, chapter
XZlNz3H_erdSehhOBPPzc, 2, chapter
DCgYg0oh2einr0-zdnje7, 3, chapter
whdCgGHcPUZsy0rmXm1ar, 4, chapter
dcvjI7cjGPUwsKsUYZvnp, 5, chapter
batUhCzHtm3AQ4P8oNGVx, 6, chapter
3mjXVcaZxPKmw9cD1boln, 7, chapter
V1wcD5Th1992GmbcuZS9R, 8, chapter
8GsYHslisX2BalVmDr_YB, 9, chapter
qTaDOuMZjizNdqcYJzctj, 10, chapter
UahXeQF1FMlphIupivsXL, 11, chapter
fFNubc_11ggHWXoPIr5qc, 12, chapter
-_9olwvBH86N4TnmQn6Br, 13, chapter
PpaJqd_UjJKvB3INvn68r, 14, chapter
dScuT839iLGbzSLYEKr-w, 15, chapter
RLrE4sYDyIP7_thBN3Fv2, 16, chapter
kzNu1GaTNRxXHuG94TS2Q, 17, chapter
lxAgYlwo8M2YkW8cs615h, 18, chapter
a7rPueGO3-ryA5DSPyLkD, 19, chapter
mU0duMdPsn7wbE9RZRM-s, 20, chapter
JREhnoVHAuVZlcU8pDed-, 21, chapter
EDS3YUtV66GIxe_mMV3Hi, 1, chapter
J6fSkHf6lt3AKE_-5nn0v, 2, chapter
VrRJJUHr-7MsVvA1D713s, 3, chapter
snMHRdbpp79ZpxGwbGPTk, 4, chapter
TBR4SCAsV1CiirHgSq6S0, 1, chapter
BSIO8NIe3UGFW9yLg3FB5, 2, chapter
ZTiqlNeJmVHvGMzKWOnIV, 3, chapter
_FUddaKNtygjWNj2IMcNO, 4, chapter
aBT0jZPYA9U-iOCRx2IQf, 5, chapter
4Mxg8-V_GSPIyxVTF-Q8O, 6, chapter
zYcpIVasq-pP6q9LOJbrZ, 7, chapter
3aDbJBySNSJZLQEpIkVjb, 8, chapter
WA9bycK_iyiEZwE8JUt-h, 9, chapter
BfzlrwXpcoNptODrDkLZ3, 10, chapter
_3utZi2pj-X13_H-YBxQq, 11, chapter
XmFYYt5z0zzw6wlQx7XKV, 12, chapter
WYRmsDBssFROpTdavgMN3, 13, chapter
K24JpH6onJR2qDVRaG_YC, 14, chapter
lP-iA-fbnOQuTEQ3PXznc, 15, chapter
HlSeVRQyXpwk4t4XDBAsy, 16, chapter
ydpWZVPxUC53tzTgq2aAz, 17, chapter
3bB87R_ItM1auyNYm3GKo, 18, chapter
L6Q-DhV3RhBFYyKN0SC24, 19, chapter
loWn-KrVW_kG-fUt_rAmm, 20, chapter
bvubksA2i8_y4nInrI9fV, 21, chapter
v3xK_dS34VALoiJnro1f8, 22, chapter
KVkJeDi2ns8EIS02R2qW7, 23, chapter
ifiIjzHO9oRUg9v3tniN-, 24, chapter
98lMwYsJMi4hydBWCVOdI, 25, chapter
ZaiADD1wGZaghirpDCU7p, 26, chapter
zzuEVnSQYo2jEa6VM8hov, 27, chapter
JVFyMyJCTohSOobPZoLcH, 28, chapter
OfpQiKRhPHjjDGeRt-106, 29, chapter
EBYBKq3Cqcb9vucPP-LmB, 30, chapter
M0q36oi2-pZTGvp5BRTtX, 31, chapter
yGoj3EjIgi7k7qXV0s_er, 1, chapter
d3rh66V-DXC9zZjeFkpoO, 2, chapter
kKqANb5jbrY8H-ZNECzba, 3, chapter
-RwP4WT_j1y1U8iPRX_ab, 4, chapter
UpF9KcEpR39GW0lum0CFl, 5, chapter
zpXR9GWWwbZ0NyXvLLBIa, 6, chapter
YbXdZGsv4bO2WQADjfTPu, 7, chapter
Ev0rSlAB4GSwEcL8PWiLl, 8, chapter
yhoKkGyz-5gYzpTngDjQE, 9, chapter
Bxpjfvl92oQ2x29ug0LbO, 10, chapter
x2QAA744WgESmw3d3IpEX, 11, chapter
lnUpYNWHIR-AxDt0wPpVG, 12, chapter
nWS1NZzF7K3CW64qUkQLd, 13, chapter
ogGj1uh3ohJ-SZLb5DFif, 14, chapter
zLQoWsraP6kvljq5W_uFQ, 15, chapter
cI17kqob8Hsq1wwHsMELK, 16, chapter
_m55NVp7Fwd9zzCMoDgpb, 17, chapter
10-nVNUfpOKVIlxkbRJet, 18, chapter
gzrBD2j7YKWvMUNPq2uvw, 19, chapter
mWo-YcU8o8dcsgZIJd9DU, 20, chapter
0S8MbgJ9NIO-XNRBA2ScB, 21, chapter
h1f7zezI8neg_BEP_9Ldx, 22, chapter
khxkWSuA4wwYuP4HUB03p, 23, chapter
AgUjiPTqa2a_26ZHzPTiC, 24, chapter
tciG4HQ8bx_pbytRgH6Lc, 1, chapter
kkkDoLdgsukOqIvIh4Fx_, 2, chapter
SKubaQzMotv0ogHA0ephK, 3, chapter
cI2DEzimJQbmhwum9pi64, 4, chapter
kCFRCDVO4d5B3mGkFHWtL, 5, chapter
WazcvVpCMwAaFKgSGaN7J, 6, chapter
nmn4WHUkSrB93AaxL4h77, 7, chapter
U2ccEv6f6Gyf19r5Mn2Dq, 8, chapter
TCc0JuQL5wp6WOROI1rg_, 9, chapter
vQaYs9zgOo2Qsf2eja3QQ, 10, chapter
s1Qk1J0yWcYQAP5OvifV-, 11, chapter
qUyRte8-HQdv0_J_7Ka5m, 12, chapter
kHv6N6yF7gNXWHcQjJw7B, 13, chapter
MH2bcbOc14ebQ3zKXF0dt, 14, chapter
7cQv7oa5bgUoTEOOBQUwP, 15, chapter
JNwSv4sCIUBY74Vu9SDHv, 16, chapter
BWlG2vJCrdxtLxypCksHf, 17, chapter
KrzskQAM-8JbdFcxKh6eh, 18, chapter
gKCHlIokQAq8QMKmZCG8A, 19, chapter
1VQThPHnsu39b3sJjGmPn, 20, chapter
Ki8yo5vMQbgAjnAPVWBGb, 21, chapter
f_gnj6uHDI_ZVz7492-_X, 22, chapter
Qa5Q2aEvTEb8rnmP3elPV, 1, chapter
kms2nn-LifUyWKyi2J8Yc, 2, chapter
5VC9QpWa-3BycCRN8Gt_s, 3, chapter
Pnmyi01D9j0odJ3D6z-lk, 4, chapter
lmfnxOJce4Dbcw1SqM-zu, 5, chapter
mLvwtQul9q3w_FlgLVCmx, 6, chapter
yUCpoNLW3w3QXnzo-SNsk, 7, chapter
Rf7wyXUAenfaAmGg_uGO6, 8, chapter
74o6fMkQhjCDGRMiaYdjs, 9, chapter
rqwoC2GDdzMe_qbbJC650, 10, chapter
3KisV_wp2tveYbpeOoHbx, 11, chapter
ie81STyxE0Y9gYeuUXoNV, 12, chapter
8ZYuBYS0blk-vrRsb91aW, 13, chapter
OaFeTjTC5x-pkFxUFLDgi, 14, chapter
gMQgQjMv9h6gI_qvgktGt, 15, chapter
Aoa3anpdYzewueeozVHNR, 16, chapter
P-B2Hq1luGMtOtf6xaSz6, 17, chapter
CHTCO50nvpbzN_AivZdqi, 18, chapter
ZMD88b0pW2kFRY_YeafGP, 19, chapter
8xuQGJhyyB3Dm1w1MJWpx, 20, chapter
RvYjIKFbiq0KNdzwIiYC5, 21, chapter
6Enb8nXxuMlrkfvuBPPfP, 22, chapter
KQoHOmXaDbO5VGgZGaTlE, 23, chapter
_UfOlylu5ddYbC9R_ACyM, 24, chapter
AyMMLhIgw7iMfrHw3RmNB, 25, chapter
heZkLDu6Cui2l2a-DHNw8, 1, chapter
CJ84R3ftnpV6nt2TrxrMl, 2, chapter
9JfVNQtrMdIYlcvf34fBN, 3, chapter
Aah27MgNoCI-Namzezp2L, 4, chapter
kpC4THrRHZ8qjYEeTcYPb, 5, chapter
_4S9YnYkeW9iIJ5KQt2rq, 6, chapter
_kMAOBHOOTZgY62svSA9Y, 7, chapter
BtdnrvBKBj3ls3DXKhYjS, 8, chapter
n-6INbo1EodmJG7N-jmH7, 9, chapter
EO99IWQACQlZxgZhsDUBX, 10, chapter
ZC6GY9GkCCxcc3BBNwhua, 11, chapter
r-CgJmj3ifPrNAQaihQN9, 12, chapter
gJlalV-pISMOANftAAKDX, 13, chapter
3TfvFsjX08hVWXPL-VTnb, 14, chapter
5l-G8FIrNj7zpwXKoE8Vg, 15, chapter
3j06kR_U5_1AYgWMK240e, 16, chapter
F1lRLTYpWG6NTi_d5c679, 17, chapter
oYVwFrnVY0F_MHJOVKft7, 18, chapter
l2El94dforLgj-fgQEwNx, 19, chapter
tVOXBEXWKJzLzswYCL8-G, 20, chapter
NotDpxzsA8PeeAb4gTjYj, 21, chapter
vMB-VSgjAMEtbJ3rNOzRy, 22, chapter
RYYLzLz9zzq3rJ_YnZQCi, 23, chapter
nHHQVfenEEJqYBLN2G3WP, 24, chapter
S503_dtDuhHruyhrsPMed, 25, chapter
h2t-f4Iq4c7a1sWw93X4R, 26, chapter
4RbYe8tp0azqlRgnq0HqQ, 27, chapter
kXk-JghRVWoaiKqcq7A8-, 28, chapter
F0iYTo999dbYhF3OOgXwK, 29, chapter
yjAD_cZo_NrUrV1K4BtM8, 1, chapter
vXPAcu3qiH60MblSPg2v_, 2, chapter
0tq1SqH-h1qpqW28hZ3k_, 3, chapter
FB7DTSr9iwLcMwTAzd22E, 4, chapter
lG1uD5ol9M0uMaqv_uVCD, 5, chapter
EwgJMAN2wXBPyqYLGjLKF, 6, chapter
afVXPZQVCdyp20uGH5-L6, 7, chapter
NL6l1s4yiCs_solEp1D17, 8, chapter
cLP3EGmlPuAfaMGUbdC89, 9, chapter
yOjL0V-ZcG6yPIes8nzvv, 10, chapter
VtmLujCIH1NV2I4eQI4Gu, 11, chapter
CRwScTkT_7m9GtISIgFU6, 12, chapter
Qmz-KO6e3m3Vz9EeArWfn, 13, chapter
3LrOcGFpZcftNKSg4VKgL, 14, chapter
6vwthjD6MNHXF1U_TUTih, 15, chapter
sn6V2SzdkYvwrfFfkiRZ9, 16, chapter
XXeNimZUxCv7buhvrYZI9, 17, chapter
zbd4P2Vcoo8YhVtSVwBen, 18, chapter
sQcPXAv9zJtVWTxc9Jv6J, 19, chapter
Fq5-nRsV-nWPpvwEUjAc0, 20, chapter
CHRpQ5gEL5e2iwxX9ZBvg, 21, chapter
ScZMWax4S8Z40VhdE38RA, 22, chapter
znVtU_Q_YnpoOIBuC7UG8, 23, chapter
1wfdf0v5DHHa24lGJNUbs, 24, chapter
TjxIypthHQUi3azLXrpO9, 25, chapter
WHtKv9yXb9T4Y7Z-55IRF, 26, chapter
R3Qt6PIFD5qWvhBGEbl5L, 27, chapter
cZIDr-SSpeuH-fH6nxD8M, 28, chapter
A11FsKMueo3rLxO2xHmpA, 29, chapter
ECSyW4nHL6SC2eJpZEJw-, 30, chapter
9N61tRty6dUx9AmqmmKPm, 31, chapter
mRKRCpAqzj7jI1kVrUDR8, 32, chapter
K8dvhxKlAlh0RhxeISs97, 33, chapter
ULk4Qr_7NWBx0NTI0enr0, 34, chapter
QqmyHpwRcudfpg8xb3ZTx, 35, chapter
r_O8T5J0yzPAKp9ojcegZ, 36, chapter
1_CM4C5TUk_XBP0RxczwA, 1, chapter
dgW_Fio64XDJDtB0rJuxa, 2, chapter
YA6EF4WzscToWuIqvRBM9, 3, chapter
-txMyQyyiKFnKw7VuDSYc, 4, chapter
9YPrIXM4NLWRT8VI6H0rx, 5, chapter
Lgai4P65eGM0wDpJZjJiL, 6, chapter
S7wJdLfricbYwEDOI_Cux, 7, chapter
MQguXtb69UvgieeDyIWpp, 8, chapter
NurIojnqZ3ARTpAtJhs8g, 9, chapter
-lYkHgazTvMEjtywSIRcV, 10, chapter
4aU4Yen1CccLbyzMXkeiX, 1, chapter
B8k_KSJ2oRiI2_mGpdxmt, 2, chapter
CzzmM3vVudjvNi2wPJZHm, 3, chapter
3bzORInTd3IMw77MahbHA, 4, chapter
ycYa7HUh3AWYNZbxoOZSV, 5, chapter
B58zKXbX7SM3FKS6ydjh4, 6, chapter
SsPJ2cxQL1sfSqA63pUoX, 7, chapter
1QGYyOHGpdeNnW0rDeePz, 8, chapter
fdX36UO29YIuo-bimDCog, 9, chapter
apJ5MyKtsgH0U9E23SYFM, 10, chapter
SgvXq9vxmFv9u4cfvE2eU, 11, chapter
m9DvWCtHxJc34yJO9YoH8, 12, chapter
rbAbdU_VHX6BdJTOLvU-7, 13, chapter
fcNtQIMb-37KVY-7riSyR, 1, chapter
maO-lscPn781_87lo2ELV, 2, chapter
7eGLNptu9fVtJET6zJsPQ, 3, chapter
3C_cpUR6VJC0kAkTVZeGx, 4, chapter
fKwb22mDWqBuYTwXTPrE4, 5, chapter
J-AC1zX8b57IQkvr27fJp, 6, chapter
5ZBcSu07LcM7JgHepPte9, 7, chapter
so4eRRP5ro30wzwFv96wD, 8, chapter
AQL_u_bXXjYow8J5vYxfu, 9, chapter
SBlNYNbyZPQ4ouAKHTW2N, 10, chapter
0J0h1rC8N_iSMOWPS8BAV, 1, chapter
Xm0ckWnQCRyTpsiS3maZa, 2, chapter
TXc4nc9gurDcCENeh4WTx, 3, chapter
LXFXe-IF-MRSdQnTbt-G0, 4, chapter
FTpok3w1JWnxh6ShiYLLb, 5, chapter
4sCPhSLtjE_lJhPZdlDXY, 6, chapter
cO4BoP1k8UbBsNrxS6ZSc, 7, chapter
n_ffKJfQB3ClmIbieO_3o, 8, chapter
JOp_4bmLjZwe9mpBk9EZl, 9, chapter
q8y8Ao51GNP0XGcWeOFsn, 10, chapter
g8cnxBOoYp_CG6vAFIlvY, 11, chapter
saT0QrIHC6N-MhoIOzwv_, 12, chapter
reOmn6BpiAChpkxnoUc4C, 13, chapter
CrIRmVAS0d1ZXZoaSFnsi, 14, chapter
F9amBGItKAwIkAzHNXmG2, 15, chapter
0wQbuZkUDo-TaGxQ6JYkn, 16, chapter
R3ElkgQ3xRcBJiWEiwBSs, 17, chapter
3wTbkCVWSLfVKxnahkPeV, 18, chapter
DvjpBeEe7aDYYWixZn3I-, 19, chapter
L6-CaHCuB8WCzgRKe6v8O, 20, chapter
iDO_1xoMSOfzOMzMs9Sj_, 21, chapter
Say9zbzyuUBf8oT0JRkfr, 22, chapter
CtgZb6eMHUGc-_BWHLiwH, 23, chapter
RSA03nncSTepG6i9QseSt, 24, chapter
uZ9Hi0Ff05f0jYXpxbcKQ, 25, chapter
LLM4HMP7tSXXmylV6gqDK, 26, chapter
xkmW7kq7PRBLs9piQoYeq, 27, chapter
R8_JgJtIID3FEgRZcWwt8, 28, chapter
AINkShJMXIXeEsoVY4whM, 29, chapter
DXaIeHsKV0EKzHXfxbbZH, 30, chapter
ITd0VQgwpkspBg4BtL9B3, 31, chapter
M86NvdEl6W_LnNFEBrz7q, 32, chapter
Ou_ebh4UZSy5YE2lmIPst, 33, chapter
TeKaaUMYpUe46H7-hd5Rs, 34, chapter
rTAnrKtJALJs7t8plycty, 35, chapter
fmZ4TBdKY05oACGIishcl, 36, chapter
f0-isMwGJceCiQ7UYi8Lh, 37, chapter
u66RzypGknEy3WYBdJvRA, 38, chapter
8ig915qM1xGBj0kRgLq18, 39, chapter
QpdSvcP6bN1UCOI1k0e1Q, 40, chapter
00Hcdlgh5mNBKjY9Qea52, 41, chapter
2JYfI1O108HMAL72VKotl, 42, chapter
p4KuB93K8oSK6BSvLW_Xk, 1, chapter
lut_7tGRmolMBY6dZGa7n, 2, chapter
CzSfuHyUGo-JS3jyqougp, 3, chapter
reJ1mFlgsFSAuU0C274Yi, 4, chapter
cKaYWr6mE7kH9_kBopFYi, 5, chapter
NEyrpfDqXLV03IMOeptCD, 6, chapter
kPTKSAwbDXp3kiy5kr983, 7, chapter
ED6MOyhw7RShi_2UUm7AU, 8, chapter
Mq8Vxt7MyqNHTPKNsAw9M, 9, chapter
GWMkHc9mukcVClpwnHHy4, 10, chapter
8ayUPBP56IRlBKCoA6SjI, 11, chapter
O-3dH1G5SA00b9CcUOzUE, 12, chapter
21PkPYz88jXKadMir0uqV, 13, chapter
HFpK7Oo2p8TgXpf41GbfL, 14, chapter
xjtSawb-qtZJZ1osDFPlh, 15, chapter
57wG8nsqv0XSwb4JN58Jw, 16, chapter
KRWF7v4SZTzDy3Lf53FnS, 17, chapter
4GSpSjfv2jSc5k5EPn0zM, 18, chapter
Ht_UYr28TCqxKYVYkd2S-, 19, chapter
9PjliYqkl0nT9SMOmqMjt, 20, chapter
DmxpCfnF_B4_KVJDq-gzo, 21, chapter
Q3_3yJ3RGom4ewo733kXj, 22, chapter
2ErWy4zd4KWwMlbd9Rkrt, 23, chapter
9QrXhVtY3ABYmuSnMqQcL, 24, chapter
RzRZ_tuLEvJRgx5UEM415, 25, chapter
1snG-9SwyJ1l6lrE77qKy, 26, chapter
p4kiondCugjNlloOKjRLb, 27, chapter
d3nMayUIZzwhVxrUOO94A, 28, chapter
7bUHGyLik8zT52ZI6MaIO, 29, chapter
r-Dn5ElH1EI8nW79YeeY6, 30, chapter
BRM2DGwaD4afaKvww1fm5, 31, chapter
rGcYPSAYMEjTC7hU4MdOY, 32, chapter
YIhMNH2iMgKFFZltk0UmF, 33, chapter
4MnpgGcytBQLjwgD-ioBr, 34, chapter
EGlZkzsnwoPSlqSA4ClEY, 35, chapter
l5MLP4Hw1C5gDaf2IZltD, 36, chapter
V2GfK17gZY60IU9NAaDtA, 37, chapter
3ICxpz15qOgOpGzjuLgy9, 38, chapter
F4z9u2kWYgrO5HsEvLy24, 39, chapter
YWuyl4H8p0rB6sCfICv4n, 40, chapter
aWfOrsgZoo9lG9aH_RQGK, 41, chapter
suX4EXYuyACulVOUtdkqt, 42, chapter
fZDVWMGiyimOBXrAcVaKt, 43, chapter
x0369OVOwGBzBJgNOZAuF, 44, chapter
jrf3wcQcnAG1EpEjX50NG, 45, chapter
I7bLD45RxIDxGL6RCm8AC, 46, chapter
V1sMyF0I4ZWjjrc-X0teQ, 47, chapter
qjoVOWu0znSRy67wr-Jn_, 48, chapter
apiXvQSG7y0OavLKWVzTe, 49, chapter
ylAPk7ZLny_LsKKithurq, 50, chapter
7WT_wVbFq-AqZ1RextoTN, 51, chapter
b8pqUk1J-CgtFqtRDPih5, 52, chapter
2RWCvGKhU0nZiEToIhaaH, 53, chapter
jn6zRST9gI_kXl4MuLGBR, 54, chapter
uj-MhzCGbBE8egXFF_BAn, 55, chapter
6u6pjHMIfeJLUzyuLcUZn, 56, chapter
PSHofTBB57lxRMEkaIk79, 57, chapter
JjRbjS6tOOXsWFqZ7Jjwu, 58, chapter
ZswicW88DDfq9rZlqcQrs, 59, chapter
uIiLDvUEBUoJZObO1isW6, 60, chapter
qAGN8kbvIqcjfn8rw_OiT, 61, chapter
z8pojBF5WMxhdG3ImL55F, 62, chapter
mW5pBnq3xIk4Gm-94vONL, 63, chapter
i7TvMuFKpn2yPKdrGeDO_, 64, chapter
cWGPP-OUADi-oM9zT6xK-, 65, chapter
XM0XR5TXeS5pwX3Mhk9_m, 66, chapter
atFb-LaSBHTP-Y_EpwhFU, 67, chapter
CSXR3FkKncF2-tx1ts63T, 68, chapter
-ofqf64NpT0PF8XFRnb9P, 69, chapter
TpIjnbUgP0KGm98yDLfEu, 70, chapter
G86MHnLlPkLbuznsrVLPm, 71, chapter
rgdHYNhGWvVIWPGmRuuTY, 72, chapter
-7sR_TLIOwmDvcLdEhvCD, 73, chapter
y_le-uEuNX6NinMwu0Pa3, 74, chapter
Xutb1W6gFnTN1JcdtZ6ax, 75, chapter
FmFoOcwyM66wT8zynkdS5, 76, chapter
Jly0NiyHxh7r47VKVQ5Bw, 77, chapter
9imYaTCNV9sByuzZHJslY, 78, chapter
2JwoFJitYi85U3SeV0jfG, 79, chapter
voI7Gd5mOO6yLIZoRHNUS, 80, chapter
8Ibf2ikUZkw24M1HBxxZb, 81, chapter
RNwSdcAwYfocPagFmf8-A, 82, chapter
2pS2867BA8-AsMjj8X5su, 83, chapter
2SKw8rd5sXGJhov9Cdu_4, 84, chapter
CMeFJ51VQEIJADhzeYsca, 85, chapter
zipERKK31FG9_CZDenmVu, 86, chapter
s0G1wosEfGsewibABld6j, 87, chapter
u2G7w-0gLL2pQY2BiP4DR, 88, chapter
4kgzQOLPSHZo93Ok0wzj3, 89, chapter
My7o71hiynMsywwuaWktF, 90, chapter
8SW_gocpkP2g60ACKDYsd, 91, chapter
feR_CgljjqPzw_xTV1ysa, 92, chapter
RvDysJ7PkDTEAoJUJrFGz, 93, chapter
5U7jCVFPL2vdDLiyxdYj4, 94, chapter
6P8HoVuQA_7HpTIQ205Ud, 95, chapter
nVVpfBPSheMUPhwiZVEWw, 96, chapter
NCxOlw2nLQz0LqZ2YB73X, 97, chapter
UWgGRQFKuFg-wbNYL4r2Z, 98, chapter
FQUzs3G6i42-Lky2qqzo5, 99, chapter
AIdLYIYZHj6k8-E8TNixW, 100, chapter
rdhgKYjlFi9tBXWns0fWT, 101, chapter
VMqWw8I8Qf0TaOkdUAesf, 102, chapter
Ov1epNsEut9Z9_YbX-YAZ, 103, chapter
Qg9e2_0cMMGWu6yG_skdI, 104, chapter
ZFMZMZWz6VEfu17T2PsdP, 105, chapter
KQBG_ObgLDB8hkwVcZAgg, 106, chapter
kp_RhJK0EDloW8M1nr5RR, 107, chapter
B-hx-Xdx0PYlBB9ZRCnYT, 108, chapter
5UjHyMB_ZD6FTmE8FvRVJ, 109, chapter
4N2DD3vH5k8x6XgUUt5dc, 110, chapter
OVnNBq6EzXAJiOwzlcXBd, 111, chapter
ZhnGK7QqzveJi1V-Iuz1M, 112, chapter
GHJmV_ltIya-hQqn7SR48, 113, chapter
quZ0ARyURGQ8AOvcuZyXD, 114, chapter
EwtQ1S-WSml2y9fSSWcAr, 115, chapter
_b3hVtE9aEFa4t6yi7YZu, 116, chapter
-coEroNn88ZltDWUO6XTj, 117, chapter
r2w8ZFn1smaWp0bU8a0yx, 118, chapter
rivcRNI2dDHrJNQcpRJC9, 119, chapter
VQDroIrguGLzyEmak3oUa, 120, chapter
CyeLu8KuaOm3XM0qPkJNa, 121, chapter
IKFcAWTMOXcpEOS7Hjvmp, 122, chapter
71MuwwLgoLVnC24pT_YzN, 123, chapter
Z8UMFOxgHUVVCA-PjhBwF, 124, chapter
FSTPc-xGmfS4zFUrBaPQK, 125, chapter
IbUk9sb19r6r-xzKm5tH3, 126, chapter
TBCdG_pVGz32By6vhL9Gr, 127, chapter
Oxw-aw0i_uUVNMkyy044E, 128, chapter
V3-bre0m8vyYShPWweXRV, 129, chapter
dED5fkP0RIazpzsX4q_wm, 130, chapter
yfeo9glLLHqwgdUUJyVlP, 131, chapter
cgMNJpqqGmhsqvJGvhAO7, 132, chapter
elsShKHdcTPZGUgJNSXZm, 133, chapter
XTNqFMd1r3mn67jODkjWg, 134, chapter
0Q9MbITxWB3rIL7Ita0N7, 135, chapter
moics9TXX3d3m2VMygBJ5, 136, chapter
Ds40eltk7lNTuKxHIAbFv, 137, chapter
KystMkJ5_z8FsHzBBPcJB, 138, chapter
dRfBPP85MmurH7BrIRR3x, 139, chapter
CnPWIUhw1yZdG8QOdYQrT, 140, chapter
Q403G0kp1EJGW3QfOZ0rk, 141, chapter
EM3I0ixvEU0foEcbLlKA5, 142, chapter
Kt8zXrMTWIwlCbrUX-gsW, 143, chapter
q_bVnicBw9vRkoN4yspc7, 144, chapter
l8S8VKUnnWmgtO7PDvh3_, 145, chapter
MBqOwB6H3ruCYIsgpJMF-, 146, chapter
YVRrShXUYB5GDRe5iRXId, 147, chapter
vY9uMCuYlTH_DzsRZDBvy, 148, chapter
aENiUnnpvbxMwEUXp14HE, 149, chapter
hB5PybXquhs_GlIizGlg0, 150, chapter
jYvTF1CuQekR2U5uw1OxC, 1, chapter
fNxO9GKInMbIuc2h6Vnpb, 2, chapter
DZ75ZydALkcK5h4zq4p5p, 3, chapter
Yh0cpb9M-EIDJh8jS_u1P, 4, chapter
JMPKaFBSsv26XKviIovV5, 5, chapter
46S6s8TTeZteN7XTtTU5F, 6, chapter
UMhwQRqtAw66WCtX9v4bl, 7, chapter
3oT8hMCRIVd7Or8SCOm-S, 8, chapter
amlLnyNyFOwlR-Q10Ha4C, 9, chapter
fJm24gLZJOqAQvu71Rend, 10, chapter
oA_F8a0o7667HgeP3HOVK, 11, chapter
ERNJyaPUE5cZnde4qfdXK, 12, chapter
d3WARpP9qVAsKIPoxl-fV, 13, chapter
hQwrcHJLjSZeoIvDv9MGH, 14, chapter
bM1mXre7xZRFa_42v32E1, 15, chapter
cnKTJAN3uRk74JvYimRBD, 16, chapter
_5PdCnwoYrgun7gvY53kk, 17, chapter
guibOETLPzqxr10565wn5, 18, chapter
8ycA-RBCZYuTsempVvLms, 19, chapter
VndGqzcnBJL552-3a0rWO, 20, chapter
c9Cew1XGzRAsApCPLMwY9, 21, chapter
P38onpPB5jTFU-4B_kvYz, 22, chapter
avM3LSWVc-ZR4fVNnmYTh, 23, chapter
3GxBTqJiG2jLtHIJyAVFy, 24, chapter
eL6NChtNmBgWM61WrC-Rf, 25, chapter
ITKBHH3Vj-0rPqFYP8zb3, 26, chapter
b8CNDBo6-3rXSh_vt3GIQ, 27, chapter
N-_FyrtXHAMPHd-a0L7mv, 28, chapter
j3IZpS6iFSmWXa17NMmvT, 29, chapter
5HA2yERqgAVEOlEIl36-Z, 30, chapter
ojJZFE2ucTdP_CrdmHjpI, 31, chapter
RX5UhyQp_0KYhb0XAlp7Q, 1, chapter
qNyLO1QJQVfnwB1Ce1Zev, 2, chapter
V6IGzyX2DU-YBkGn5oaPO, 3, chapter
6kRD8xPlXDRrZKIe4rONO, 4, chapter
yo6pxtxH7XQX2myoAd-6s, 5, chapter
XOj83yPv910y7BHFMtwjr, 6, chapter
btjPDqPJhEeHdvByIv1qn, 7, chapter
LzXBKTXEXDxDWyppTJROy, 8, chapter
95vuBRumo6rc_8e7HfArj, 9, chapter
vkAmdFnTVVQbRmZl9TSd4, 10, chapter
Nvzw37DDxwgQRHME6qAl3, 11, chapter
lhcX07bMkasgGb4T998Kb, 12, chapter
uOiLYpmf-zn6tdcf5-pUn, 1, chapter
nmGX0l1yRNvZ9iz9XFcJy, 2, chapter
Gx2NumaZLOe4kTLfkJkiH, 3, chapter
YXxnoFmcEdAlufvuyBhTx, 4, chapter
hap0SfCYn7MPOAc_j9RJQ, 5, chapter
_a15qtPLSoJmQe_Aa7hvN, 6, chapter
sT6JzixZnxbK19Ctd-4QP, 7, chapter
ZXcrjP_ewyAGgGqtkXKf-, 8, chapter
rQ6mvss_YyIRESkgjJi9I, 1, chapter
3OiWfFb251lHRWYYAFTZs, 2, chapter
g72wEHwzvg3HhhmlNJHFq, 3, chapter
hhyc-sJkDgp57Ta0Ha-mz, 4, chapter
O9jrNRc3Ah1JtiGDhaFCP, 5, chapter
FIiwHa8hMYMuJewmCQMmh, 6, chapter
gDhNzNTKuW-enNftwlqRw, 7, chapter
04c1e4sPIKmetKtjTOarL, 8, chapter
raco4ByATmE_Xsm-UwQFo, 9, chapter
MBfRJOYm82QBDvXh8fOEu, 10, chapter
gosqpVdR4iB03fOo3mANS, 11, chapter
KLmD8xZX_WSmxeIZBvMj2, 12, chapter
VkQ5zz5L0fxZuj3dGVgEV, 13, chapter
azQW6zGF_1MsO_ZIg6nTa, 14, chapter
57y7tNfQIl15-8XHCnfCi, 15, chapter
CTQB9H7ybTssKsgIxgjdJ, 16, chapter
dS1-4kFFla2J4NBmYDHlE, 17, chapter
05g1rFauIfW1F4Te5-fjQ, 18, chapter
bZb9x5FY9MHtpzMCpNSL4, 19, chapter
lwaHPy-qmEgjYruj5HrQT, 20, chapter
JDxvACRBnMg8j5flj0K_G, 21, chapter
KlKpjbg9UlKESeJbWwtI7, 22, chapter
gjMBsoYwnpPCHZLvgwNEw, 23, chapter
AOnUGYN3ZeDBTMd4bnlOU, 24, chapter
DBWX9qO6iHdDXBWnlftgL, 25, chapter
k6l53SNvMqBD6A7kKl-3T, 26, chapter
AYyRAC2WwPln40aRse4YL, 27, chapter
QDSXcSNrjc2EzewV0WBvj, 28, chapter
BULCpbu68MIIQtfPie3td, 29, chapter
bnptgwQmjiyxOvX3iFazP, 30, chapter
efV3dBEsUOnOdK8cai0CC, 31, chapter
GZ6eb8QsYJHCE6yfxLP68, 32, chapter
A5jHu6Z9DRTG2sa_8JOef, 33, chapter
OKVxKeHdm0vzafzcJr3Aw, 34, chapter
x5Zfj0H8mu3FQLt3eZ9dx, 35, chapter
tIzOHk4huS5RpVBQ9gngf, 36, chapter
CLC5kEvIBTZSwKSzfZkzA, 37, chapter
IoYK5bav_vOBCh4C9XQXD, 38, chapter
3RBZrPm75JwYEHNbSNwJz, 39, chapter
K7cOPQF5NE4LMpShkk2Sl, 40, chapter
ptB4in3UQ4SQ2-YHrxjkm, 41, chapter
UmPn5swaEtdDEfIBiJDKu, 42, chapter
YPNIVeZTQ1uxyZ9i4PpV3, 43, chapter
e2aah6_isvTFHLsqdmQTe, 44, chapter
nXUvn1bjWEjWlMlYnznlg, 45, chapter
gXIl0K7IXnFfIevfkl-mM, 46, chapter
4yGHQdUgA4fg3ElHlsVxn, 47, chapter
01GRVBdycGw1nCBN7O6iu, 48, chapter
3U853IYyvmHY-nMbVeDhv, 49, chapter
fguClH0O5AgMqBlJcleGR, 50, chapter
3B9p3R26umjcSVf2HqUbT, 51, chapter
qRQ9CnghOAdPhjUYHttz5, 52, chapter
nXkkoJX3jYoS2DvckhGlP, 53, chapter
k43sI_bTrVjjQlS7K4HB-, 54, chapter
EGlQETz9y3nLq0SCIdGp8, 55, chapter
Ondkc_WSn2d3TPPv7tIdq, 56, chapter
anwqRkGdUBpINPuoWzxpE, 57, chapter
NmbSGyae07BsEwCGTHPRq, 58, chapter
AiwAg-Clifx9FHHC9mrYG, 59, chapter
sftj-slntoefNdFadp9qv, 60, chapter
8X4bFc3Z0H9UYgPoCFR--, 61, chapter
9ZgTAwUlYNn9jbbtuwpW3, 62, chapter
vzOWywbTvHFu-BDKqHI3z, 63, chapter
IaIOdgaZP0Fkl0ZFo4f29, 64, chapter
61fWxrQyluGfeMGLdS_49, 65, chapter
LBFlYbNCkzFtYcW6x4aGl, 66, chapter
uBEpG5ff25emLhP7FS6SD, 1, chapter
dWMPVxtlg8PxYU0zzS2Uh, 2, chapter
ZN9iTY6Gm2dLCMMOhowck, 3, chapter
-K7malseONDVjPAzY8LLQ, 4, chapter
BVorjZEkXx1JcnOFak5nz, 5, chapter
-g32uZ7RuvDNHl0D4uuUi, 6, chapter
bT-Ud9cA16_EvrdjwRWH5, 7, chapter
1fvneckbNYQfoN9aaIXtd, 8, chapter
_oKW4Tx4uAvQh1FhIAWfG, 9, chapter
zafeCVrTKMIQJwukoTTKE, 10, chapter
iV9aazjslYyhwAKwFe3iE, 11, chapter
EiJ1gMSf0H0DZJES4kfRX, 12, chapter
S6aNaqVHY6w0GCVLGhP7i, 13, chapter
LmmCwbnq9NHFZVGCYnADA, 14, chapter
yRgFemBihWmXdh_QeDOWV, 15, chapter
k4hmWZRZ6YQo-yrRADLAE, 16, chapter
lQDd5LFjJJSUJjomI-QII, 17, chapter
8wPsJEKl003ceJDxaY7ul, 18, chapter
eov-6JQ2dGvTyRIBio9Ef, 19, chapter
aP92o0nOqA-9lrrBY_AZw, 20, chapter
qgFG6Cy607FA-LhTiaw6N, 21, chapter
Izi--qNj5F09DGDqy64BC, 22, chapter
Zjl4STka2AfGzssJZJmhu, 23, chapter
NrpBZVkOct5qVEP6lbS_d, 24, chapter
_gHyaE-D-Ujqgl_Gwa0Hb, 25, chapter
X7I0ZtJ5uyp6EHYA19myX, 26, chapter
zd6yzdsaPaIRmFISt_qa8, 27, chapter
p9z3KJLK0tvvloDItbkQ9, 28, chapter
DOPLVPVatnvtmP9Mwd4oC, 29, chapter
9UzY0RypRLCm7zer2DnCC, 30, chapter
FokOlUg7UV2Qy6Nhni_G_, 31, chapter
amCAhWaBfd2koUY57nkLz, 32, chapter
1Tb9bpbtlFfBm4MVYUieD, 33, chapter
qu-yOs6AvBbyGYrHjB1dQ, 34, chapter
V2PhfTk9WuO2M1LA0MqUm, 35, chapter
-C7jZRayz0VNMsCDhz-HL, 36, chapter
Fk4L60euapeMZSZLxTYNx, 37, chapter
7gXTv0FT2dT-xxy5pLoOf, 38, chapter
GZVSGO6TipysaOQoiRhDc, 39, chapter
xestgQVL3xus4fohNRSst, 40, chapter
XX9gWzwYcs8SEhviucxos, 41, chapter
ftGvyk534em5BbKxA5zkC, 42, chapter
yoyNRAW2nJpxnbCaH-s8k, 43, chapter
0eYaFtaMoj8GrAGqopJxz, 44, chapter
PZ_9N0JlTjaliIhfRHAxj, 45, chapter
4LupUM_W_GsKb0QE4Ih2e, 46, chapter
WwnasffOz7rffT0ECxZSW, 47, chapter
wK4-jnykPqLxah2XoRKj0, 48, chapter
MI06MWddryOqXzpxEJ7Se, 49, chapter
fvezg701ptGr_7SBz-G1r, 50, chapter
Ry8YTwa1Idxj8PRZYdPzD, 51, chapter
s6jbKJN0yzZqJ8BgeNDQi, 52, chapter
LW0r9I3yQAwGnlRwxY-gj, 1, chapter
aYmApM-HKfyM8wboLkqSh, 2, chapter
CFiaXZ1fx2LyqUW_5r4F9, 3, chapter
Nlzu9rHwtRiUSd7g6SXPv, 4, chapter
-knAJ7gDDADrPfbrS7qGL, 5, chapter
rOpQJM0HI0GxeUio8GcZZ, 1, chapter
mgsqE7wGjznJ-JoxaWTyQ, 2, chapter
ygM_mkpXPAizsjCNHLyno, 3, chapter
DHx0LfubixviwtZ-4wxwH, 4, chapter
2tJMDiTJP2qjiNWWJKoL2, 5, chapter
pTqwBY6QFrj-LSJRW27T8, 6, chapter
0pc40EeLx9b3aC2i1s0No, 7, chapter
gC8BjgE6b0P7uqyLaLkqu, 8, chapter
GMsQvpb6FqiD6D89TmRM7, 9, chapter
WpzUlT9168wbxOnibCkPo, 10, chapter
1lIhnmB2n-GHzNz-V7xwm, 11, chapter
xKkw-hT9y4bN-4pM-dbEt, 12, chapter
_TTv1iN66rVhzzCEopXso, 13, chapter
-wR90lafyVF3-kVEmim-Q, 14, chapter
d7XuaCrLvcPItyWojKBlQ, 15, chapter
9SVFhWeNnvwA7cq-gZPhz, 16, chapter
zkMOlujKoUldbO4gcPPJ0, 17, chapter
s26CcAR5CHl4bjolxknhU, 18, chapter
MZLYiQ0kGGBrmqX4Kt0Jv, 19, chapter
1SX2k0jqNe3l0gm3mpoXO, 20, chapter
uafNT7AUCUgY_k_REooAp, 21, chapter
ZcCdLpzJ9k__po2F1BHrh, 22, chapter
8a8p4-jiIThEtzmfXhWwk, 23, chapter
Kpjb8b6xLassig4gbfTX5, 24, chapter
dgyqeZEGA-IParxEQnKIM, 25, chapter
TFwo1yTbcA92HKa_NQqLh, 26, chapter
8e2BYMy8oHlQ7wcwD9gXM, 27, chapter
cN9vzVSy-pdDZLmNFAe7X, 28, chapter
onoUK3X46MT43ox6y9snc, 29, chapter
SMBnN5Yc8uPZzxX22WXsS, 30, chapter
VZ0TNbtqZ4ZXLNns2H-tN, 31, chapter
sZfqqrj1fj_zKRnmGG2St, 32, chapter
H2lvsWFP5ZSasxu2TVOxY, 33, chapter
rXfsg3s9fXQ1sfgqs8zZB, 34, chapter
VUFf8JVM8xzlG0Dmg_Wrx, 35, chapter
tLGG_0ibfc5wvKCIZUHOt, 36, chapter
MUMEqoizUaX9YRqFXAan8, 37, chapter
AR4OeULgawlvUpYUse_kj, 38, chapter
6zqnsOLiWhD20kdjFMIVL, 39, chapter
cnGXqFW6mkhDggJwAqMZV, 40, chapter
AFAiUhSdFVZw9a7-vF-C-, 41, chapter
DeqRi1oMWhbLv2WPXq1i9, 42, chapter
B2o0egRUc4Urkxej8NkaK, 43, chapter
HHGgbBmzGOF77O_oZYbLy, 44, chapter
gKlEG3QI5tyB3yHTVIQzf, 45, chapter
RelJvTdTzXvHKIVu1_u9W, 46, chapter
PDP9yrjf7QpKpe-I0bfK6, 47, chapter
TILUWj2yI5r5AO5nbHbHI, 48, chapter
LjT3c7b5fsWCzAI9JUSgR, 1, chapter
9KH4Z4ixe2MTfirUJurUe, 2, chapter
jKZzYYIM5xgzZXm9_sqJK, 3, chapter
z6yOS2AQEJRE4F3WZtgk0, 4, chapter
kjDc2yUAzYggcox8QtEuR, 5, chapter
WjJC6lAvjnq0tjyI-XCyi, 6, chapter
Lpj2-ACMau_G7Xs8flGKv, 7, chapter
CLdr2luP_0ylU6CHPpxNz, 8, chapter
mCfueW960jLwV5hHld_7I, 9, chapter
URP3nKS2NmXIlFJMFHxrz, 10, chapter
XD4xmxyqLSy5Su2RDCiis, 11, chapter
-OokF2IIXWbkFIP2PZRdJ, 12, chapter
pc6LLXIc6XZm22WQq6RMu, 1, chapter
8K48U4a2D7297jEy30A9o, 2, chapter
HSOLUyES4KR9nHNhtVNYm, 3, chapter
GE-FleXxzUptehsIcGYhU, 4, chapter
Mcos8rPll8PfgznTRNf9q, 5, chapter
RP2Az2UKOR8i5C-KyCYrh, 6, chapter
NzKlagsCJiuMArebamAGx, 7, chapter
iAHyJJgIZbilU88eFrbpv, 8, chapter
ZeuAndxXO-sBhGvRe8ctr, 9, chapter
q6GksJDjVASRWN4xQ4dbv, 10, chapter
2dmSploTudkh8-KM-swJy, 11, chapter
e7c2yvVE5ksspeoui_Hwv, 12, chapter
HNCeWrCC0TOt9GGFc43im, 13, chapter
gKzb4PFnA_NuJ4CID64KV, 14, chapter
G5xTB5ir1j5_60Osdjykf, 1, chapter
ZpPQy5acibXTz1G67ird3, 2, chapter
UdZgc-cxTqSvm60EJAkn9, 3, chapter
oOJAm_8jxBwFunIme3h3U, 1, chapter
RiGClSVLxk5DghfNkI1_c, 2, chapter
FcyJQ3a0oY7TL6vZ_l-zZ, 3, chapter
tewoSU6UEcJijtKCrDjNG, 4, chapter
zv3iLWC0gbUHCaCdXaW8p, 5, chapter
0-PjdaT3BHTjyZj31hIZ9, 6, chapter
xpXxj43EMRYhjVGDSIbaj, 7, chapter
jHKCgDWtgR-bu7qy60mEK, 8, chapter
65yQS5Q1g5hHpGmlYC5ux, 9, chapter
2zmuMXwr5i0tfAGY5wwuZ, 1, chapter
mNyuybaYbzTmHvtBlmQRt, 1, chapter
iJr28riDjmxnrXFx5nI_s, 2, chapter
AcohqltkooiG7l2xnd0cH, 3, chapter
jFTHhyaR51_mxiUERTrKE, 4, chapter
ceXmmJRd1FIs9mnn5NN5G, 1, chapter
qTXVkBdfdnBCgJuPQ5RBh, 2, chapter
WKhB8tHBYyBhllACG6KLD, 3, chapter
OHwiPCWGYvu2ZzDvssmka, 4, chapter
6ZE-BYCpbKKCxp1kvg-C-, 5, chapter
fgL025Xa66LIyE2xaZ29o, 6, chapter
h1Gn2zPbi-SAA6PRTodAp, 7, chapter
z-6tIJiBGa9odQ16_95RN, 1, chapter
hcAS6W2wyrt6_-XDXg1PU, 2, chapter
vDSYk0MpJvUEDDpVRKzez, 3, chapter
4adYRv19B5y_4lXJYVWed, 1, chapter
eO7Ztq208c4Z2pJEn3Xrg, 2, chapter
nIJ_LHF5P7uXdu1f8Pa68, 3, chapter
MqtlUrY9P1ABHERDX6ksj, 1, chapter
iKu4i7yc8yDLeNW-pLk3e, 2, chapter
5aaNxBr6CEbc2ibCODj6o, 3, chapter
hDEuzn8vzda60vPXWlIPy, 1, chapter
uHdoCLtZf6G84hcanE6M_, 2, chapter
RDFLhF4efZvuzAGvndCiz, 1, chapter
zXHNnp2c6_F4-ofIg58_r, 2, chapter
wcEQgqjEJB-gJrVf-rg30, 3, chapter
2te0mNITqRMd0oQ60GroU, 4, chapter
6nIeT6euWX8Jljztucb_v, 5, chapter
cCxhrLEzHt_pw396CH9NH, 6, chapter
_5cD6_jPPSe6ugjz8yHNj, 7, chapter
iLWuBiXqRWd6nUkUJKewL, 8, chapter
exQD7SHuqavzhhpqiMe0i, 9, chapter
fNkrQ7o78oxgTDzTpQqme, 10, chapter
96gzZSggWiRTHJqTE-6Df, 11, chapter
3M9bVQ35hz5NG8mAzRdZL, 12, chapter
MhfKCm7q6naqM3zfily81, 13, chapter
9veuzeiwt7VjiZmEzkDVM, 14, chapter
igG2_33BOgt5JToFcqK6R, 1, chapter
1ktCl8K75O1Vymp31trC5, 2, chapter
I0wTo51V7kg7Keas2HKcL, 3, chapter
glV5Mm2vQYqHs8Db8Nv7P, 4, chapter
JnD4oLoca6G_JcZQAqMUo, 1, chapter
4oF-Jben1jD4Lv3mLKwuB, 2, chapter
6-LltCQo3V9BKQQQK9Vnx, 3, chapter
p5M1x2D-_7lAby0Cgjs_1, 4, chapter
LzZY7RuYVL0D1m2EZtFTf, 5, chapter
XG2AQ1gg8eWAxtVSWJcEL, 6, chapter
-fK-wSYn_r5zDZq9Cj6hw, 7, chapter
4tpLuDMDafKIYM09ouFYk, 8, chapter
Zd61U71ZWEVfnC_RME-kk, 9, chapter
eFuJunnoOQaPGNIc6lY9P, 10, chapter
bdSMNDkQuPOT0UlJkmt0B, 11, chapter
90j9ZqXxsERVPB1I4JBJt, 12, chapter
MxKY92zShCCsu5piPBUTS, 13, chapter
npu3kPTX5OH1LZTWTaIHq, 14, chapter
CF7dKoWeJCUJwiqUlwyl9, 15, chapter
EmY5DjQsEtyg1PVv6FV4Z, 16, chapter
NWmyEok8AbVsg4mUrvrH4, 17, chapter
Ez2YLDLqShyYgfW3OqTNJ, 18, chapter
Sc9vnSPXd8XrA2Kt1Zl6x, 19, chapter
OKq9IaeB5ybpcmU4JUbmZ, 20, chapter
Wi7QvV1FAnXJ-UzFODE9L, 21, chapter
dpIFvPxUe_xGGMAxMLaxK, 22, chapter
2_KYtpVhVWmgWD8UogJeh, 23, chapter
actYS1saOqZ03zkhx-3dM, 24, chapter
k_SXSiisKlaBsDMF_rF-M, 25, chapter
mm8M1JrHTbIqlEWwFPT0T, 26, chapter
zcPZHkzH0TSrroY79vLXP, 27, chapter
uDuOwtf9F9KEwkFtkH4BB, 28, chapter
mmHEJ_JhZtvET_Y4pd09X, 1, chapter
gocUQbGriFTJg3UoeIG0R, 2, chapter
S6cR5lShiKlOkFjOoaEta, 3, chapter
y9j9_hZs6nUam3_l-7hFU, 4, chapter
ugFVL7vj4BdWP4oaoxVZX, 5, chapter
4wbqTc83Jnkt5f2ztur5m, 6, chapter
3CP-qQOZdplcH7wjkkcVz, 7, chapter
_E97EqJpc6-TTDyA10U2v, 8, chapter
mtmPFPlECZ34pSw4WHEzp, 9, chapter
mCy9nMYz4Wxuiev54bJYl, 10, chapter
1FZvUkEQtXXGHzkjQVu3C, 11, chapter
sFvkQAP6nXYgkUmEu8qd6, 12, chapter
U3lZYQpAonux0I-DTjP53, 13, chapter
_mri0UnvZNMv2IhJT9iaw, 14, chapter
junOug5xNMFDNfwg5ZKfr, 15, chapter
vM2ZgDYr5ArTUQi0j9OyD, 16, chapter
b4SMRJBk61clTHG6O0sJ6, 1, chapter
pupR8txGbp58fjtnd-dUu, 2, chapter
1UyrUsD3VMxyNa0cYlSY_, 3, chapter
8D9yjIWRD5FYhhdtW3vZi, 4, chapter
X9U08KrGhTIHt6VmWe1g1, 5, chapter
uWPzcm4BaBChL0jdEXW6u, 6, chapter
hJXukhFG80t9MrEpj1mHu, 7, chapter
dxjv_ZfsdCJ1tlB6o42T3, 8, chapter
P-KLbUFGUnqD65iTunw1K, 9, chapter
cbZaFMRb4E2F2yBosoSLc, 10, chapter
yYmPZDSvejaIfQYeoFZED, 11, chapter
HbEvY0oTA7coIcfm6SRfp, 12, chapter
7JC-dIlC9DoUyJFkGRg9Z, 13, chapter
6a3Vy5LWv51GvEScIfRPT, 14, chapter
PVZ1ZVeFV8onuE1fmDbOf, 15, chapter
05JSfNLVTovNHfrligBb3, 16, chapter
pVLzOVqJNpYevj-7-R1_8, 17, chapter
VU56gMqcBuvDsGqkr7Td6, 18, chapter
7Uk848ZCG8Vw-NIEwlESc, 19, chapter
CpgFGDPHrRg5c9WOD4q4F, 20, chapter
-e95ZFCZkABf27ZS93KFR, 21, chapter
DMeKBzFGNh8ZidK-cC2wk, 22, chapter
vNvQ1dJY5IL6_ulLSTl08, 23, chapter
D06AtzFWId5oNruyzg_UF, 24, chapter
zjsh_N7siZjt-KjuG4l6W, 1, chapter
OKLoS2AkV2UBuxbHvX-8I, 2, chapter
_8deYludeTFQjDARUwHQf, 3, chapter
3-jZjMtE_rlWGKwnq4z3v, 4, chapter
9rEioRpxRRl6U1JA4Kpoo, 5, chapter
0O3GmSdWnQYcEjS-SXnGp, 6, chapter
Xnx0yFxkEo1KgZzZnLHXx, 7, chapter
ISDnne2b2NQac9Hs8V8ZJ, 8, chapter
3hf41yLBD0yqS_F4ecgXz, 9, chapter
SQi12HU29JJzQDuMNR9ge, 10, chapter
5qS_-dT9jDTQHk0oegtU_, 11, chapter
Uvv4h8_FPrdbM2LxtfO4g, 12, chapter
cqnMnUuP5sfyJATUpPIzB, 13, chapter
eu6WRRBV-t9ZYHrmpkBEf, 14, chapter
JPS8whQiCdsfQbDHVlgA9, 15, chapter
LNUvDPQ1P8zAB_GyPBO2A, 16, chapter
Q-wVjsGiGf9J3isnoRqId, 17, chapter
9Qas7PWP2y_F3llLkmIg6, 18, chapter
hggo8cjrnLsAEwHOn11ab, 19, chapter
pxOi_lEGmSObmvd7K9Cjn, 20, chapter
OLgUqhyQT4IoxKCzlWlHI, 21, chapter
9gkNDEeVjr6IaoHE6o5oO, 1, chapter
epis2FjJ8bIWwANoloqCL, 2, chapter
9uvfvzheZ1OrSlxgjZ8L9, 3, chapter
K8vcVQPg5C71H_KRfXt_q, 4, chapter
bbeG_f_cjH2wt8nBOG3W2, 5, chapter
GECmUDod4FSOuLr922a0v, 6, chapter
NsnIPsDY_7rJ7uaH3iKg6, 7, chapter
dDBk34pUUKfomKRhoW16H, 8, chapter
Ie6OP_9QZoETAu9bh7zq6, 9, chapter
Z52SU47DtReW-2B8lr953, 10, chapter
I1_ynDlZdn07-n3Q-rECa, 11, chapter
NOUq_QxuAojFDzS2Y5wAK, 12, chapter
BnDFhgfqHkMewkG6bPWVy, 13, chapter
ZaM28rqQw07oWjmjPNdxk, 14, chapter
t4l7f2GA9Bi2ajZllXwi_, 15, chapter
yHb9n51u8DzTyy0w4PYND, 16, chapter
JrO3I8BoVDBpwuKNh6W8K, 17, chapter
hMwZzRvnPCTPI25FC3lyT, 18, chapter
pICgKKPdr1omgqNGsk5qq, 19, chapter
BEW0Jo9lkaIOM9a5Q8Fpf, 20, chapter
Gwl6hZShWs6PKIMPOED96, 21, chapter
OBnBCNxcdUeifeg1L4Waz, 22, chapter
a37beZnIg63eyzF4Y4LEQ, 23, chapter
wtwyYTyHkEL20oMjIRd9D, 24, chapter
_nxTFZ54dMl0uA9I6KrOn, 25, chapter
IKYy8wpuTK-VUKwyhhCGA, 26, chapter
p0FRnAA3jo1sB8K41nv5q, 27, chapter
8--SrQn2I2ziLRlE03Qxj, 28, chapter
nUxo-i1XKitLg45s7ZVBp, 1, chapter
aJ-xaPI4EkArjpeeXY_jt, 2, chapter
CLEWJxd8KHp0XmiXyJ3_w, 3, chapter
6zhdCEAe2zG1ckPffFlGP, 4, chapter
QP5PtkYcu4lqcpabEhICG, 5, chapter
elgnXnXRjdZhcNx3Znscl, 6, chapter
J07NWfN7q72NyomxaRpEa, 7, chapter
7oAXPc0gUx9M9BRNuGK4Z, 8, chapter
RRaD-N8j-z9o-k5xQjfRG, 9, chapter
a049upMyMpGrFN6_-OzGP, 10, chapter
zl1C2KFF1Ak-8D7Httu5o, 11, chapter
BYSmjRYqKi4vXvHMNb1Wz, 12, chapter
1z1YOrT842Xof3Nz7lV4v, 13, chapter
lQMGssNTA4yqRz5tVdLch, 14, chapter
drROneQc9P9iRv1hCddsW, 15, chapter
qdP8PDEdwif8Jz4X7gge3, 16, chapter
71GchvQlN6qpauWi0jcgc, 1, chapter
HEtI55GrlO052UiP3mQoU, 2, chapter
c_q_WilKa4qrLV611lhOm, 3, chapter
ukHo-TeaXnHIboaxHKZ8i, 4, chapter
1ZLxrwrUHVrh9xq5dj4AQ, 5, chapter
1FYpzdWxzBnxZxgVCU5Lc, 6, chapter
o5UG4C7qkQzcWm1SLrGZh, 7, chapter
MVsENfVuPSW97B7UTkJfW, 8, chapter
Cyg5NSKFOAgZpnNdEhxNQ, 9, chapter
3-WhXJMTnc_A2NZRbbAjG, 10, chapter
qUikVY8fIcWYX3YkJ6z5a, 11, chapter
h0n3P2ChlLdp4s8iJhO63, 12, chapter
AHYGlaNixNVXoP_Kt-P2S, 13, chapter
0Q1Xrlq9mZijAFxsa9dVZ, 14, chapter
yJ4FMGx8fSbSafPlSVVWE, 15, chapter
YGIcNAY5kSQuoBeGc2GUw, 16, chapter
XGzr2pJ9MmZ9Qo1_xFYy-, 1, chapter
JGJjyL_yH_o7kUgf7dOQy, 2, chapter
TSVQvNKu_qNpFj3wbTsM4, 3, chapter
18hy-N57JLpD8ZtOtWb55, 4, chapter
UADZR7Opkk8vdfr8_4ihb, 5, chapter
YMrNZZrdY-DAzzXj0gnTM, 6, chapter
oFuy0MYBHMK2S929Ab_Ab, 7, chapter
F7bk5dnST3qLBOLUD7DUK, 8, chapter
ScfX1ARHiK3rcYaYPA1_4, 9, chapter
282L2Tgcd9q2BxT-BDE4Z, 10, chapter
IWzNVPO1KWElTtYSf0n2T, 11, chapter
5lqhpSavlzok-tO55kKTk, 12, chapter
qjwiNb7yictWMA1gg4G2R, 13, chapter
Bt97PGJQLLsN4PMg3F3Ht, 1, chapter
RQKSwCom-woSmYZE55qve, 2, chapter
IfIPweq1xqFuUzMRMq6f6, 3, chapter
DmjFEK4g9vulqnVqf_MH9, 4, chapter
sqmknCK5F3sbevt4Xpgo8, 5, chapter
crjcICXGBsX2zyb8IYtSE, 6, chapter
f6pmWQuy4r378M6gyLXlw, 1, chapter
TR06eHejoGtuf7U70hXGQ, 2, chapter
5zgAcyvrOjGWnNeaId1kt, 3, chapter
7_44lZjmCP_iiBroXk58J, 4, chapter
ixq2pJ_3ksClFM4LSXR8g, 5, chapter
PCxzZbaGDcM3vXvDvTrZG, 6, chapter
Q22THKrN01tPty2C34yum, 1, chapter
gitplYq7d_TKNH7REPFLt, 2, chapter
bj_TV96enlGG6iybPahlM, 3, chapter
vD3rTYW0c8HCWfiukM8OQ, 4, chapter
8PPDP7o5qNM_2Z_PDmF_g, 1, chapter
BFZNoB9gs89ZYHUP-QHNm, 2, chapter
xdsf6_5fUtXA6XDYIq0Pi, 3, chapter
IuhKYH7-nwTsBoZvHD3R0, 4, chapter
dhiL5r_hIS2y4XAYkVYzV, 1, chapter
AVr6n3dvju1RCDVXRIWcE, 2, chapter
QwkXCPcjkDPpKwqFp1tLL, 3, chapter
6EDKLLQFGTMQjmIcXZJCE, 4, chapter
FXacq2NOHH7SGqYfqW1rY, 5, chapter
pO6PG58pjQc1NCSWrMcBT, 1, chapter
K1Wm9t8ieOL8i9zjfUFHL, 2, chapter
RYOjYillw_xpnjMhVwK7K, 3, chapter
jqJVvCCdJJO-6GKnikFQr, 1, chapter
PHiKWaKbcPyO_XfK1ie5N, 2, chapter
pPnIVRFul1m65BU4_bf7l, 3, chapter
Era8iaXKdyaUa9c-RjgeJ, 4, chapter
hq71psd8yBv6EfqEVL3lx, 5, chapter
tgxJuHLUsQvDevpliVl85, 6, chapter
twAVoh1x6falqX9edsv8X, 1, chapter
H45eSb7yJveUNzI5PFrO6, 2, chapter
KwzfNTEty3MUoiasYhFCZ, 3, chapter
oo2sxZFZcWt98BW2CHe0f, 4, chapter
vGru3c8yUVVWceSy05rBt, 1, chapter
h1hSCVKXxhA_0zdr2ZrHH, 2, chapter
JKrQS1R4clyer05dT-MZQ, 3, chapter
BBeSoSh_WC3UylaU2IN-T, 1, chapter
Gxlw3SxPRrvAG7CtCBAHu, 1, chapter
df_h2e6XDsiFAnqIJqVmN, 2, chapter
n1dyH31eNvK-0hAPzng0-, 3, chapter
weexIvlF8UbF0o2bfHv1_, 4, chapter
gWdR2Zp7JkN-bYlk6yidi, 5, chapter
QhSPFPKtyKxgpELFXmVbM, 6, chapter
JbPTvNF752W2o9hmFYFdX, 7, chapter
6qdwEX_ShPPpCAsBwPsiK, 8, chapter
aGJ4YudUqatFG_vHlw-Rs, 9, chapter
IJkMnboWsMatza-YHQyGn, 10, chapter
zwxorWUSZER6Bq5hfyai2, 11, chapter
p9Kac1Jj58gqDhpeiWg5k, 12, chapter
FA_YTUHMXBelRW1bHvSTr, 13, chapter
yV6zeNBg-5QEoNSw2Gqbq, 1, chapter
80Xp1OiSB5JdMKvF8vBWf, 2, chapter
5Q28nTFKKPsAQRjAUTTVn, 3, chapter
PNhcSlyWhM0c1La5wFgOm, 4, chapter
VJnjadiivBLawxQRp2v5I, 5, chapter
Avc-1DHFqcCfA7KAC16Fu, 1, chapter
R3OWo6xoppqnth1mpO1F5, 2, chapter
gPwN5UhPVIv5I6EX_TvTQ, 3, chapter
y_i_uP4k6R3HVVtiabIQB, 4, chapter
Hvtk5I4jp_U8W7UThzPLT, 5, chapter
vR2CE25W3DoO7wjvXwQNT, 1, chapter
ATyJptm2jeo8pKvpzfsg_, 2, chapter
isgCZBSwnVUgTnwWKbh9D, 3, chapter
bAPcV1FuV2Cc0pSbx3lcX, 1, chapter
7Ml54rUDUoFUvp09ElYov, 2, chapter
qSDBm_DtyR_XapxY4sP2i, 3, chapter
W8AdcCHpzpSDMTHP6m3xC, 4, chapter
tnr-a5xRvskTA3-mBNEG_, 5, chapter
YH7UpHfWO8w-4DUuA6uUV, 1, chapter
nCxRIcqJ1f10zrmXxluyd, 1, chapter
j_FSuxiuVccIkrKbIJ5yh, 1, chapter
-KTLeP6SpcAuZeNYsLJ9W, 1, chapter
jZd7a0JaWJXSeK5tZPLKN, 2, chapter
mF82-PCq_v2c3BU5ojgBE, 3, chapter
v7kTL2GclBkz_ksYU_ieZ, 4, chapter
YTTW_L4p1zU7daDHP1PaD, 5, chapter
nDk95bv9-FQWTKcj60dBz, 6, chapter
K2CcoiodC8DasH_mnzFO0, 7, chapter
fUmS3iwdR5VX0lDWahAuT, 8, chapter
elXNYPe_o1cLyTX15t_Z1, 9, chapter
AHgGuo6wAxDy96-TsdvEB, 10, chapter
mBi-Et_o7oQq4mA3vJCCV, 11, chapter
QPkAJ49hwFe_kGLtVijxD, 12, chapter
-4mK3OtBzb7SmNE9i3Lux, 13, chapter
tXsqX-bH_iACE9eaVPzQH, 14, chapter
mLivSeyKGgvgoaG7JX3rs, 15, chapter
AR0_mQuKve0rNV3cTOrPL, 16, chapter
LxBwtptrrOr3LZajk3PGW, 17, chapter
EeuEVWP8h_WtVW2i3wVIf, 18, chapter
KCz2_tp9Bq4a12FABWn7i, 19, chapter
l-5Dt3KgP5w9ocj8xSJ0k, 20, chapter
j8V9yhzvuopModFiJM4ZI, 21, chapter
4S6gcLlHK3DPY4b1Il4zB, 22, chapter